2023-1-27	11:46:36.794	-0.9576807	3.074155	11.789049	
2023-1-27	11:46:36.795	-0.35434186	3.074155	10.831368	
2023-1-27	11:46:36.796	0.29688102	2.9975405	8.465898	
2023-1-27	11:46:36.855	-0.076614454	2.9975405	6.8665705	
2023-1-27	11:46:36.856	-0.20111294	3.466804	7.7093296	
2023-1-27	11:46:36.857	-0.24899697	3.3806129	9.720459	
2023-1-27	11:46:36.858	-0.37349546	2.873042	10.764331	
2023-1-27	11:46:36.921	-0.37349546	2.9496565	10.103531	
2023-1-27	11:46:36.922	-0.12449849	2.6527755	9.212888	
2023-1-27	11:46:36.923	0.21068975	2.8634653	8.054094	
2023-1-27	11:46:36.988	0.02873042	3.2752678	8.6095495	
2023-1-27	11:46:36.989	-0.641646	2.8060043	10.055647	
2023-1-27	11:46:36.990	-0.60333884	2.882619	10.084377	
2023-1-27	11:46:37.55	-0.4213795	2.8538885	9.911995	
2023-1-27	11:46:37.56	-0.18195933	2.585738	8.896853	
2023-1-27	11:46:37.57	-0.019153614	2.9975405	8.293514	
2023-1-27	11:46:37.58	-0.1340753	2.834735	9.184157	
2023-1-27	11:46:37.122	-0.2777274	2.681506	9.643845	
2023-1-27	11:46:37.125	-0.2777274	2.920926	9.787497	
2023-1-27	11:46:37.126	-0.51714754	2.767697	9.615114	
2023-1-27	11:46:37.191	-0.009576807	2.7485435	8.90643	
2023-1-27	11:46:37.194	-0.17238252	3.064578	9.050082	
2023-1-27	11:46:37.197	-0.36391866	2.6910827	9.634268	
2023-1-27	11:46:37.257	-0.009576807	2.9783869	9.337387	
2023-1-27	11:46:37.259	-0.33518824	3.0358477	9.854534	
2023-1-27	11:46:37.260	-0.4405331	2.7006595	9.768343	
2023-1-27	11:46:37.261	-0.076614454	3.074155	9.155427	
2023-1-27	11:46:37.321	-0.30645782	3.016694	9.088389	
2023-1-27	11:46:37.323	-0.047884032	2.9400797	9.011775	
2023-1-27	11:46:37.324	0.02873042	3.1507695	9.356541	
2023-1-27	11:46:37.389	-0.5746084	2.7868507	10.007763	
2023-1-27	11:46:37.390	-0.11492168	2.834735	9.701305	
2023-1-27	11:46:37.391	-0.24899697	3.0358477	9.174581	
2023-1-27	11:46:37.458	-0.20111294	2.7581203	9.346964	
2023-1-27	11:46:37.461	0.08619126	2.873042	8.935161	
2023-1-27	11:46:37.463	-0.36391866	3.0454245	9.634268	
2023-1-27	11:46:37.466	-0.4405331	2.681506	10.180145	
2023-1-27	11:46:37.525	-0.095768064	2.9017725	9.394848	
2023-1-27	11:46:37.528	-0.095768064	2.8443117	9.394848	
2023-1-27	11:46:37.530	0.009576807	2.6719291	9.097966	
2023-1-27	11:46:37.592	0.038307227	3.0071173	8.628703	
2023-1-27	11:46:37.596	-0.05746084	2.7868507	9.509769	
2023-1-27	11:46:37.598	-0.2681506	2.6431987	9.844957	
2023-1-27	11:46:37.601	-0.41180268	3.083732	9.624691	
2023-1-27	11:46:37.657	-0.5650316	2.930503	9.385271	
2023-1-27	11:46:37.661	-0.17238252	2.825158	9.002198	
2023-1-27	11:46:37.663	0.1340753	2.873042	9.088389	
2023-1-27	11:46:37.728	0.047884032	2.6527755	9.433155	
2023-1-27	11:46:37.731	0.076614454	2.5953147	9.404425	
2023-1-27	11:46:37.734	0.009576807	2.815581	9.423578	
2023-1-27	11:46:37.788	0.009576807	2.480393	9.835381	
2023-1-27	11:46:37.790	0.34476504	2.4899697	9.490616	
2023-1-27	11:46:37.791	-0.009576807	2.6144683	9.500193	
2023-1-27	11:46:37.793	-0.08619126	2.5761611	9.5385	
2023-1-27	11:46:37.855	-0.08619126	2.8634653	9.030929	
2023-1-27	11:46:37.857	-0.30645782	3.0358477	9.308656	
2023-1-27	11:46:37.858	-0.31603462	2.6623523	9.653421	
2023-1-27	11:46:37.922	-0.02873042	2.6431987	9.615114	
2023-1-27	11:46:37.923	0.24899697	2.5953147	9.56723	
2023-1-27	11:46:37.925	0.29688102	2.4995465	9.509769	
2023-1-27	11:46:37.989	0.25857377	2.4995465	9.471462	
2023-1-27	11:46:37.991	0.39264908	2.5570073	9.643845	
2023-1-27	11:46:37.994	0.12449849	2.3942018	9.078813	
2023-1-27	11:46:37.996	0.29688102	2.719813	9.557653	
2023-1-27	11:46:38.58	-0.06703765	2.4995465	9.452309	
2023-1-27	11:46:38.61	0.10534488	2.6623523	9.471462	
2023-1-27	11:46:38.64	0.20111294	2.566584	9.442732	
2023-1-27	11:46:38.124	0.009576807	2.3654714	10.103531	
2023-1-27	11:46:38.127	0.10534488	2.4037786	9.864111	
2023-1-27	11:46:38.130	0.18195933	2.5378537	9.078813	
2023-1-27	11:46:38.191	0.22984336	2.4995465	9.203311	
2023-1-27	11:46:38.194	0.20111294	2.4995465	9.356541	
2023-1-27	11:46:38.197	0.1340753	2.6910827	9.682152	
2023-1-27	11:46:38.199	-0.35434186	2.6240451	9.9790325	
2023-1-27	11:46:38.257	-0.06703765	2.7389667	8.887277	
2023-1-27	11:46:38.260	-0.23942018	2.815581	8.848969	
2023-1-27	11:46:38.263	-0.29688102	2.6431987	9.56723	
2023-1-27	11:46:38.324	-0.19153613	2.834735	9.701305	
2023-1-27	11:46:38.327	-0.20111294	2.681506	9.797073	
2023-1-27	11:46:38.329	0.02873042	2.3750482	9.461885	
2023-1-27	11:46:38.392	0.009576807	2.7006595	8.935161	
2023-1-27	11:46:38.396	0.038307227	2.6431987	9.433155	
2023-1-27	11:46:38.398	-0.19153613	2.72939	9.710882	
2023-1-27	11:46:38.401	-0.19153613	2.6240451	9.873688	
2023-1-27	11:46:38.457	0.076614454	2.6144683	9.394848	
2023-1-27	11:46:38.460	-0.076614454	2.7581203	8.973468	
2023-1-27	11:46:38.463	-0.1340753	2.882619	9.337387	
2023-1-27	11:46:38.524	-0.29688102	2.6048915	9.481039	
2023-1-27	11:46:38.527	0.019153614	2.8538885	9.385271	
2023-1-27	11:46:38.530	-0.08619126	2.528277	9.816227	
2023-1-27	11:46:38.591	0.22026655	2.5953147	9.337387	
2023-1-27	11:46:38.594	-0.019153614	2.8060043	9.308656	
2023-1-27	11:46:38.597	0.05746084	2.384625	9.797073	
2023-1-27	11:46:38.599	-0.02873042	2.6623523	9.308656	
2023-1-27	11:46:38.658	-0.19153613	2.6910827	9.14585	
2023-1-27	11:46:38.661	-0.038307227	2.5953147	9.442732	
2023-1-27	11:46:38.663	-0.21068975	2.7102363	9.461885	
2023-1-27	11:46:38.723	-0.25857377	2.6910827	9.998186	
2023-1-27	11:46:38.726	-0.18195933	2.4133554	9.557653	
2023-1-27	11:46:38.729	0.076614454	2.72939	9.346964	
2023-1-27	11:46:38.791	-0.10534488	2.3942018	9.749189	
2023-1-27	11:46:38.794	-0.076614454	2.6719291	9.337387	
2023-1-27	11:46:38.797	-0.11492168	2.6623523	9.461885	
2023-1-27	11:46:38.799	-0.18195933	2.7006595	9.414001	
2023-1-27	11:46:38.858	-0.16280572	2.585738	9.423578	
2023-1-27	11:46:38.860	-0.21068975	2.5570073	9.605537	
2023-1-27	11:46:38.864	-0.17238252	2.7006595	9.203311	
2023-1-27	11:46:38.925	-0.25857377	2.834735	9.576807	
2023-1-27	11:46:38.928	-0.38307226	2.6048915	9.854534	
2023-1-27	11:46:38.931	-0.2681506	2.6144683	9.193734	
2023-1-27	11:46:38.934	-0.10534488	2.7581203	8.992621	
2023-1-27	11:46:38.990	-0.24899697	2.6527755	9.203311	
2023-1-27	11:46:38.993	-0.32561144	2.7868507	9.615114	
2023-1-27	11:46:38.995	-0.24899697	2.5761611	9.816227	
2023-1-27	11:46:39.58	-0.16280572	2.719813	9.356541	
2023-1-27	11:46:39.61	-0.11492168	2.6048915	9.14585	
2023-1-27	11:46:39.64	-0.16280572	2.633622	8.8777	
2023-1-27	11:46:39.124	-0.12449849	2.719813	8.992621	
2023-1-27	11:46:39.127	-0.2681506	2.7102363	9.624691	
2023-1-27	11:46:39.130	-0.45010993	2.585738	9.969456	
2023-1-27	11:46:39.133	-0.12449849	2.6527755	9.528923	
2023-1-27	11:46:39.191	-0.31603462	2.6144683	9.11712	
2023-1-27	11:46:39.194	-0.18195933	2.7389667	9.126697	
2023-1-27	11:46:39.197	-0.41180268	2.72939	9.270349	
2023-1-27	11:46:39.257	-0.36391866	2.6527755	9.682152	
2023-1-27	11:46:39.260	-0.35434186	2.681506	9.797073	
2023-1-27	11:46:39.263	-0.2873042	2.6431987	9.710882	
2023-1-27	11:46:39.324	-0.20111294	2.566584	9.576807	
2023-1-27	11:46:39.327	-0.2681506	2.6623523	9.232041	
2023-1-27	11:46:39.329	-0.2873042	2.825158	9.576807	
2023-1-27	11:46:39.332	-0.59376204	2.5761611	9.864111	
2023-1-27	11:46:39.391	-0.19153613	2.7102363	9.461885	
2023-1-27	11:46:39.394	-0.1436521	2.8443117	9.385271	
2023-1-27	11:46:39.397	-0.15322891	2.6048915	9.844957	
2023-1-27	11:46:39.457	-0.16280572	2.6910827	9.605537	
2023-1-27	11:46:39.459	-0.41180268	2.882619	9.040505	
2023-1-27	11:46:39.461	-0.2681506	2.5953147	9.576807	
2023-1-27	11:46:39.524	-0.38307226	2.6431987	9.212888	
2023-1-27	11:46:39.527	-0.22984336	2.96881	8.944737	
2023-1-27	11:46:39.530	-0.30645782	2.834735	9.701305	
2023-1-27	11:46:39.532	-0.545878	2.6048915	9.787497	
2023-1-27	11:46:39.590	-0.16280572	2.7964275	9.107543	
2023-1-27	11:46:39.594	-0.21068975	2.633622	9.3182335	
2023-1-27	11:46:39.597	-0.24899697	2.633622	9.423578	
2023-1-27	11:46:39.658	-0.17238252	2.7485435	8.935161	
2023-1-27	11:46:39.661	-0.34476504	2.7389667	9.021352	
2023-1-27	11:46:39.663	-0.24899697	2.681506	9.624691	
2023-1-27	11:46:39.725	-0.49799395	2.7389667	9.528923	
2023-1-27	11:46:39.728	-0.22984336	2.7485435	9.193734	
2023-1-27	11:46:39.730	-0.08619126	2.7006595	9.14585	
2023-1-27	11:46:39.733	-0.095768064	2.6240451	9.490616	
2023-1-27	11:46:39.790	-0.4309563	2.777274	9.749189	
2023-1-27	11:46:39.793	-0.39264908	2.7581203	9.739613	
2023-1-27	11:46:39.796	-0.2681506	2.8443117	9.356541	
2023-1-27	11:46:39.857	-0.2777274	2.873042	9.069236	
2023-1-27	11:46:39.860	-0.2873042	2.7581203	9.375694	
2023-1-27	11:46:39.863	-0.2777274	2.7868507	9.490616	
2023-1-27	11:46:39.925	-0.2777274	2.8443117	9.844957	
2023-1-27	11:46:39.927	-0.21068975	2.72939	9.548077	
2023-1-27	11:46:39.930	-0.2873042	2.7581203	9.433155	
2023-1-27	11:46:39.932	-0.21068975	2.767697	9.308656	
2023-1-27	11:46:39.991	-0.45968673	2.7102363	9.385271	
2023-1-27	11:46:39.995	-0.31603462	2.7868507	9.56723	
2023-1-27	11:46:39.997	-0.34476504	2.633622	9.768343	
2023-1-27	11:46:40.58	-0.40222588	2.777274	9.77792	
2023-1-27	11:46:40.60	-0.2681506	2.3750482	9.260772	
2023-1-27	11:46:40.63	-0.047884032	2.6623523	8.791509	
2023-1-27	11:46:40.124	-0.36391866	2.8538885	9.375694	
2023-1-27	11:46:40.127	-0.7182605	2.825158	10.266336	
2023-1-27	11:46:40.129	-0.641646	2.681506	9.873688	
2023-1-27	11:46:40.132	-0.5746084	2.873042	9.672575	
2023-1-27	11:46:40.191	-0.49799395	2.8921957	9.595961	
2023-1-27	11:46:40.194	-0.15322891	2.8443117	8.8777	
2023-1-27	11:46:40.197	0.06703765	2.9113493	8.523358	
2023-1-27	11:46:40.258	-0.2681506	2.8634653	9.059659	
2023-1-27	11:46:40.261	-0.2777274	2.9017725	9.481039	
2023-1-27	11:46:40.264	-0.34476504	3.0550013	9.528923	
2023-1-27	11:46:40.267	-0.29688102	2.9496565	8.801085	
2023-1-27	11:46:40.325	-0.019153614	3.083732	8.801085	
2023-1-27	11:46:40.328	-0.4213795	3.1794999	9.088389	
2023-1-27	11:46:40.330	-0.5650316	3.1411927	8.963891	
2023-1-27	11:46:40.391	-0.60333884	3.3135753	9.14585	
2023-1-27	11:46:40.393	-0.5554548	2.8921957	9.672575	
2023-1-27	11:46:40.395	-0.46926352	3.1124623	9.682152	
2023-1-27	11:46:40.458	-0.5363012	3.0262709	9.586384	
2023-1-27	11:46:40.461	-0.31603462	2.9975405	9.126697	
2023-1-27	11:46:40.464	-0.35434186	3.1603463	9.088389	
2023-1-27	11:46:40.467	-0.41180268	3.0933087	9.500193	
2023-1-27	11:46:40.524	-0.50757074	3.064578	9.385271	
2023-1-27	11:46:40.527	-0.7757214	3.4476504	10.180145	
2023-1-27	11:46:40.530	-0.82360536	3.169923	10.419566	
2023-1-27	11:46:40.591	-0.78529817	3.4955344	9.662998	
2023-1-27	11:46:40.594	-1.1971009	3.8115692	9.193734	
2023-1-27	11:46:40.597	-0.81402856	3.8402996	8.743625	
2023-1-27	11:46:40.657	-0.49799395	3.8019924	9.193734	
2023-1-27	11:46:40.660	-0.4309563	4.012682	9.289502	
2023-1-27	11:46:40.663	-0.8331822	4.3957543	8.743625	
2023-1-27	11:46:40.665	-0.38307226	4.1659107	7.9104424	
2023-1-27	11:46:40.725	0.009576807	3.8594532	8.283937	
2023-1-27	11:46:40.728	0.047884032	3.5817258	9.758766	
2023-1-27	11:46:40.730	-0.17238252	3.3039982	9.107543	
2023-1-27	11:46:40.791	-0.30645782	3.1124623	8.0445175	
2023-1-27	11:46:40.794	0.0	3.0933087	8.504205	
2023-1-27	11:46:40.797	0.641646	3.4859576	9.634268	
2023-1-27	11:46:40.857	0.23942018	3.3901896	9.011775	
2023-1-27	11:46:40.860	0.49799395	3.763685	8.63828	
2023-1-27	11:46:40.863	0.8810662	3.5338416	8.494628	
2023-1-27	11:46:40.865	1.0151415	2.9879637	9.222465	
2023-1-27	11:46:40.924	0.35434186	2.5570073	10.630256	
2023-1-27	11:46:40.927	-0.06703765	2.4708161	11.559206	
2023-1-27	11:46:40.930	0.58418524	2.6240451	11.281479	
2023-1-27	11:46:40.991	0.49799395	3.122039	9.969456	
2023-1-27	11:46:40.995	0.019153614	4.060566	9.739613	
2023-1-27	11:46:40.998	-0.22984336	4.0892963	10.505757	
2023-1-27	11:46:41.57	-0.4309563	3.8786068	11.089942	
2023-1-27	11:46:41.61	0.009576807	3.5051112	11.463438	
2023-1-27	11:46:41.64	0.36391866	3.371036	9.844957	
2023-1-27	11:46:41.67	-0.6703765	4.0414124	7.5561004	
2023-1-27	11:46:41.124	-0.22984336	4.4436383	6.9144545	
2023-1-27	11:46:41.127	0.0	4.261679	7.4986396	
2023-1-27	11:46:41.130	-0.05746084	4.4244847	7.690176	
2023-1-27	11:46:41.191	-0.095768064	4.8458643	7.5465236	
2023-1-27	11:46:41.195	0.038307227	4.55856	9.11712	
2023-1-27	11:46:41.197	-0.29688102	4.1659107	9.816227	
2023-1-27	11:46:41.258	0.6703765	4.596867	8.7532015	
2023-1-27	11:46:41.261	-0.41180268	4.271256	8.2169	
2023-1-27	11:46:41.264	-0.22026655	5.0661306	7.680599	
2023-1-27	11:46:41.266	-1.091756	5.6407394	5.592855	
2023-1-27	11:46:41.324	-1.1013328	5.209783	4.999093	
2023-1-27	11:46:41.327	-0.19153613	4.9416323	6.9144545	
2023-1-27	11:46:41.329	0.5554548	4.1371803	8.178593	
2023-1-27	11:46:41.391	0.32561144	3.7828386	8.475474	
2023-1-27	11:46:41.394	-0.47884035	4.1659107	8.7532015	
2023-1-27	11:46:41.397	-0.47884035	4.4436383	8.236053	
2023-1-27	11:46:41.462	-0.39264908	4.6830587	7.6135616	
2023-1-27	11:46:41.464	-0.32561144	4.951209	7.632715	
2023-1-27	11:46:41.465	-0.91937345	5.3438582	8.456321	
2023-1-27	11:46:41.467	-1.7717092	5.1906295	9.232041	
2023-1-27	11:46:41.532	-1.4077905	5.1810527	8.542512	
2023-1-27	11:46:41.533	-0.90021986	5.3247046	7.1155677	
2023-1-27	11:46:41.533	0.18195933	5.00867	6.6846113	
2023-1-27	11:46:41.533	-0.4213795	5.2002063	8.197746	
2023-1-27	11:46:41.600	-1.6089035	5.45878	9.80665	
2023-1-27	11:46:41.601	-1.8291701	5.3438582	9.557653	
2023-1-27	11:46:41.602	-0.6703765	5.2385135	9.404425	
2023-1-27	11:46:41.664	-0.46926352	5.1810527	9.586384	
2023-1-27	11:46:41.665	-0.33518824	4.9895163	9.481039	
2023-1-27	11:46:41.666	-0.11492168	4.6926355	8.887277	
2023-1-27	11:46:41.734	0.545878	4.4436383	7.489063	
2023-1-27	11:46:41.737	0.34476504	4.5202527	7.0006456	
2023-1-27	11:46:41.739	-0.24899697	4.8937483	8.1881695	
2023-1-27	11:46:41.742	-0.7565677	4.7500963	9.56723	
2023-1-27	11:46:41.800	-0.8331822	4.654328	9.739613	
2023-1-27	11:46:41.803	-0.49799395	4.55856	8.820239	
2023-1-27	11:46:41.805	-0.08619126	4.6351743	7.2304893	
2023-1-27	11:46:41.866	-0.61291564	4.7500963	8.389283	
2023-1-27	11:46:41.869	-0.641646	4.510676	9.662998	
2023-1-27	11:46:41.871	-0.36391866	4.261679	9.758766	
2023-1-27	11:46:41.934	-0.1436521	4.0414124	8.925584	
2023-1-27	11:46:41.936	-0.047884032	4.175488	8.00621	
2023-1-27	11:46:41.939	-0.4213795	4.462792	8.523358	
2023-1-27	11:46:41.941	-0.34476504	4.4723687	8.801085	
2023-1-27	11:46:42.0	-0.02873042	4.548983	8.437167	
2023-1-27	11:46:42.3	-0.18195933	4.453215	9.107543	
2023-1-27	11:46:42.6	-0.45010993	4.4436383	9.892841	
2023-1-27	11:46:42.66	-0.18195933	4.721366	9.758766	
2023-1-27	11:46:42.69	-0.05746084	4.711789	9.011775	
2023-1-27	11:46:42.71	0.047884032	4.501099	8.724471	
2023-1-27	11:46:42.133	-0.2873042	4.060566	9.442732	
2023-1-27	11:46:42.136	-0.45968673	3.9743748	9.643845	
2023-1-27	11:46:42.138	-0.35434186	4.1659107	8.236053	
2023-1-27	11:46:42.141	-0.22984336	4.309563	7.489063	
2023-1-27	11:46:42.200	-0.89064306	4.414908	8.714894	
2023-1-27	11:46:42.203	-1.3599066	4.510676	9.002198	
2023-1-27	11:46:42.205	-1.13964	4.5777135	8.647857	
2023-1-27	11:46:42.266	-0.7469909	4.6351743	8.226477	
2023-1-27	11:46:42.269	-0.8331822	4.4819455	8.274361	
2023-1-27	11:46:42.271	-0.7661445	4.5298295	8.513782	
2023-1-27	11:46:42.274	-0.90979666	4.5298295	8.408437	
2023-1-27	11:46:42.333	-1.13964	4.309563	8.054094	
2023-1-27	11:46:42.335	-0.6607997	4.673482	8.350976	
2023-1-27	11:46:42.338	-1.1013328	4.367024	8.7532015	
2023-1-27	11:46:42.400	-0.7374141	4.146757	8.7532015	
2023-1-27	11:46:42.403	-1.1875241	4.0318356	8.695741	
2023-1-27	11:46:42.405	-1.283292	3.964798	8.00621	
2023-1-27	11:46:42.466	-1.0534488	3.667917	7.6231384	
2023-1-27	11:46:42.469	-0.78529817	3.5242648	7.9487495	
2023-1-27	11:46:42.471	-0.8714894	3.7541082	8.523358	
2023-1-27	11:46:42.474	-0.9576807	4.1180267	9.557653	
2023-1-27	11:46:42.533	-1.3120226	4.4436383	10.668563	
2023-1-27	11:46:42.536	-1.8579005	4.644751	10.524911	
2023-1-27	11:46:42.539	-1.5514427	4.606444	9.442732	
2023-1-27	11:46:42.600	-1.091756	4.5777135	8.073248	
2023-1-27	11:46:42.603	-0.61291564	4.5872903	7.3549876	
2023-1-27	11:46:42.605	-0.8810662	4.759673	7.8625584	
2023-1-27	11:46:42.665	-1.8674773	4.4723687	8.6095495	
2023-1-27	11:46:42.666	-1.9632454	4.4819455	9.32781	
2023-1-27	11:46:42.668	-1.7142484	4.280833	9.011775	
2023-1-27	11:46:42.669	-0.79487497	4.0797195	7.73806	
2023-1-27	11:46:42.731	-0.31603462	4.012682	7.6231384	
2023-1-27	11:46:42.732	-0.59376204	3.9264908	8.303091	
2023-1-27	11:46:42.733	-0.6607997	3.8881836	9.634268	
2023-1-27	11:46:42.801	-0.92895025	3.8115692	10.247183	
2023-1-27	11:46:42.804	-1.1683705	3.8977604	10.103531	
2023-1-27	11:46:42.807	-0.92895025	4.050989	9.595961	
2023-1-27	11:46:42.867	-0.7565677	4.213795	8.791509	
2023-1-27	11:46:42.870	-0.81402856	4.3382936	9.107543	
2023-1-27	11:46:42.872	-1.0726024	4.1659107	9.299079	
2023-1-27	11:46:42.875	-0.8331822	3.9073372	8.772355	
2023-1-27	11:46:42.934	-0.37349546	3.86903	8.226477	
2023-1-27	11:46:42.937	-0.34476504	4.050989	7.565677	
2023-1-27	11:46:42.939	-0.5363012	4.185065	7.9870567	
2023-1-27	11:46:43.1	-0.9576807	4.1659107	8.858546	
2023-1-27	11:46:43.3	-1.3694834	4.003105	9.002198	
2023-1-27	11:46:43.6	-1.4939818	3.8881836	8.848969	
2023-1-27	11:46:43.67	-1.3311762	3.916914	8.111555	
2023-1-27	11:46:43.70	-0.8810662	4.309563	8.073248	
2023-1-27	11:46:43.73	-1.4748282	4.5202527	9.011775	
2023-1-27	11:46:43.76	-2.1643584	4.1659107	10.170568	
2023-1-27	11:46:43.135	-2.2601264	3.5242648	10.1226845	
2023-1-27	11:46:43.137	-1.3215994	3.2752678	8.724471	
2023-1-27	11:46:43.140	-0.61291564	3.4572272	7.0102224	
2023-1-27	11:46:43.201	-0.15322891	3.8307228	6.4068837	
2023-1-27	11:46:43.204	-0.7757214	4.098873	7.4507556	
2023-1-27	11:46:43.206	-1.7142484	4.7309427	9.203311	
2023-1-27	11:46:43.267	-2.834735	4.9895163	10.505757	
2023-1-27	11:46:43.270	-3.1986535	3.8881836	10.381259	
2023-1-27	11:46:43.272	-1.532289	2.9496565	9.586384	
2023-1-27	11:46:43.275	-0.1340753	2.719813	7.690176	
2023-1-27	11:46:43.334	0.25857377	3.4093432	7.0581064	
2023-1-27	11:46:43.337	-0.7565677	4.0222588	8.236053	
2023-1-27	11:46:43.339	-1.388637	4.003105	10.103531	
2023-1-27	11:46:43.401	-1.4269443	3.5529952	10.754754	
2023-1-27	11:46:43.406	-0.91937345	3.4476504	10.553641	
2023-1-27	11:46:43.408	-0.7374141	3.1986535	9.595961	
2023-1-27	11:46:43.411	-0.49799395	3.4093432	8.389283	
2023-1-27	11:46:43.467	-1.0151415	3.5338416	8.7532015	
2023-1-27	11:46:43.470	-1.5035586	3.7349546	9.682152	
2023-1-27	11:46:43.472	-1.685518	3.7445314	9.528923	
2023-1-27	11:46:43.534	-1.5227122	3.8115692	8.973468	
2023-1-27	11:46:43.537	-1.5705963	3.6774938	8.714894	
2023-1-27	11:46:43.539	-1.6759412	3.7924154	8.724471	
2023-1-27	11:46:43.600	-1.733402	3.8498764	8.676587	
2023-1-27	11:46:43.604	-1.8004397	3.8402996	8.599973	
2023-1-27	11:46:43.606	-1.6184803	3.6296098	8.820239	
2023-1-27	11:46:43.609	-1.5227122	3.5625722	9.184157	
2023-1-27	11:46:43.667	-1.4269443	3.371036	9.356541	
2023-1-27	11:46:43.670	-0.91937345	2.920926	9.452309	
2023-1-27	11:46:43.673	-0.7757214	2.8443117	9.825804	
2023-1-27	11:46:43.734	-0.91937345	2.566584	9.433155	
2023-1-27	11:46:43.737	-0.18195933	2.6910827	9.059659	
2023-1-27	11:46:43.739	-0.05746084	3.1986535	8.121132	
2023-1-27	11:46:43.801	-0.5363012	3.7062242	7.9391727	
2023-1-27	11:46:43.804	-0.7565677	3.9264908	8.580819	
2023-1-27	11:46:43.806	-1.091756	3.8402996	9.423578	
2023-1-27	11:46:43.809	-1.4173675	3.7062242	10.036493	
2023-1-27	11:46:43.867	-1.340753	3.6583402	9.720459	
2023-1-27	11:46:43.870	-1.1683705	3.6487634	8.973468	
2023-1-27	11:46:43.873	-0.79487497	3.6583402	8.303091	
2023-1-27	11:46:43.934	-0.5650316	3.7253778	8.350976	
2023-1-27	11:46:43.937	-0.8619126	3.6966474	9.193734	
2023-1-27	11:46:43.939	-1.091756	3.6296098	9.442732	
2023-1-27	11:46:44.1	-1.0342951	3.4763808	9.442732	
2023-1-27	11:46:44.4	-0.6607997	3.3997664	8.762778	
2023-1-27	11:46:44.6	-0.48841715	3.4955344	7.9966335	
2023-1-27	11:46:44.9	-0.6895301	3.4955344	8.303091	
2023-1-27	11:46:44.67	-0.94810385	3.9073372	8.801085	
2023-1-27	11:46:44.70	-1.6567876	3.5338416	9.988609	
2023-1-27	11:46:44.73	-1.9632454	2.882619	10.869676	
2023-1-27	11:46:44.134	-1.283292	2.6623523	9.844957	
2023-1-27	11:46:44.137	-0.8331822	2.815581	8.542512	
2023-1-27	11:46:44.140	-0.7278373	3.0358477	8.101978	
2023-1-27	11:46:44.201	-0.90979666	3.0454245	8.379706	
2023-1-27	11:46:44.204	-0.89064306	3.7541082	8.264784	
2023-1-27	11:46:44.206	-1.5705963	4.7022123	9.165004	
2023-1-27	11:46:44.209	-2.6623523	3.5913026	12.229582	
2023-1-27	11:46:44.267	-1.8483237	2.1068976	12.105083	
2023-1-27	11:46:44.270	-0.08619126	1.7717092	9.174581	
2023-1-27	11:46:44.273	0.6799533	2.6719291	6.943185	
2023-1-27	11:46:44.335	0.095768064	3.4859576	7.6710224	
2023-1-27	11:46:44.338	-1.5227122	3.6870706	9.787497	
2023-1-27	11:46:44.340	-2.2984335	3.6296098	10.649409	
2023-1-27	11:46:44.400	-1.7046716	3.715801	9.528923	
2023-1-27	11:46:44.402	-1.3024458	3.572149	8.820239	
2023-1-27	11:46:44.405	-0.8619126	3.667917	8.762778	
2023-1-27	11:46:44.407	-1.0726024	3.4859576	9.107543	
2023-1-27	11:46:44.465	-1.0247183	3.5242648	9.14585	
2023-1-27	11:46:44.466	-0.82360536	3.6104562	8.944737	
2023-1-27	11:46:44.467	-0.7469909	3.4093432	9.050082	
2023-1-27	11:46:44.531	-0.51714754	3.514688	8.954314	
2023-1-27	11:46:44.532	-0.90979666	3.5242648	9.80665	
2023-1-27	11:46:44.532	-1.4173675	3.514688	10.70687	
2023-1-27	11:46:44.598	-1.7717092	3.3997664	10.28549	
2023-1-27	11:46:44.598	-1.3311762	3.572149	9.797073	
2023-1-27	11:46:44.599	-1.0247183	3.5913026	8.39886	
2023-1-27	11:46:44.599	-0.60333884	4.0892963	7.785944	
2023-1-27	11:46:44.662	-0.36391866	3.9743748	8.207323	
2023-1-27	11:46:44.663	-0.6512229	4.0797195	8.236053	
2023-1-27	11:46:44.663	-1.3694834	4.4723687	8.676587	
2023-1-27	11:46:44.733	-1.4460979	4.5202527	8.858546	
2023-1-27	11:46:44.734	-1.1204864	4.5202527	8.485051	
2023-1-27	11:46:44.735	-0.90979666	4.4723687	8.1881695	
2023-1-27	11:46:44.736	-0.842759	4.5202527	8.303091	
2023-1-27	11:46:44.801	-1.0821792	4.7884035	8.149862	
2023-1-27	11:46:44.804	-0.78529817	4.8841715	8.111555	
2023-1-27	11:46:44.806	-0.1436521	4.548983	7.833828	
2023-1-27	11:46:44.867	-0.29688102	4.8745947	7.8625584	
2023-1-27	11:46:44.870	-0.7565677	4.6926355	8.676587	
2023-1-27	11:46:44.872	-0.7565677	4.462792	9.308656	
2023-1-27	11:46:44.934	-0.9768343	4.3766007	9.136273	
2023-1-27	11:46:44.937	-1.13964	4.3861775	9.212888	
2023-1-27	11:46:44.939	-1.1492168	4.4244847	9.481039	
2023-1-27	11:46:44.942	-0.842759	4.3957543	9.14585	
2023-1-27	11:46:45.0	-0.7469909	4.501099	8.475474	
2023-1-27	11:46:45.4	-0.641646	4.414908	8.1402855	
2023-1-27	11:46:45.6	-0.641646	4.414908	8.437167	
2023-1-27	11:46:45.67	-0.9672575	4.606444	8.954314	
2023-1-27	11:46:45.69	-1.0247183	4.711789	8.858546	
2023-1-27	11:46:45.72	-0.9576807	4.6926355	8.6095495	
2023-1-27	11:46:45.134	-0.50757074	4.5872903	8.379706	
2023-1-27	11:46:45.137	-0.6895301	4.4340615	8.322245	
2023-1-27	11:46:45.139	-0.6703765	4.644751	8.983045	
2023-1-27	11:46:45.141	-0.9768343	4.6351743	9.184157	
2023-1-27	11:46:45.201	-0.9768343	4.663905	9.136273	
2023-1-27	11:46:45.204	-1.3790601	4.462792	8.829816	
2023-1-27	11:46:45.207	-0.8331822	4.4436383	8.542512	
2023-1-27	11:46:45.270	-0.51714754	4.6351743	8.236053	
2023-1-27	11:46:45.273	-0.6799533	4.5681367	8.350976	
2023-1-27	11:46:45.276	-0.81402856	4.414908	8.552089	
2023-1-27	11:46:45.335	-0.7661445	4.2999864	8.781932	
2023-1-27	11:46:45.337	-0.8523358	4.367024	9.174581	
2023-1-27	11:46:45.340	-0.8810662	4.31914	8.992621	
2023-1-27	11:46:45.342	-0.6895301	4.3287168	8.619126	
2023-1-27	11:46:45.399	-0.45968673	4.1659107	8.178593	
2023-1-27	11:46:45.402	-0.36391866	4.2904096	8.063671	
2023-1-27	11:46:45.404	-0.89064306	4.1276035	9.3182335	
2023-1-27	11:46:45.467	-1.0534488	4.232949	9.32781	
2023-1-27	11:46:45.470	-0.58418524	4.156334	9.088389	
2023-1-27	11:46:45.472	-0.31603462	4.280833	8.532935	
2023-1-27	11:46:45.534	-0.5746084	4.271256	8.6574335	
2023-1-27	11:46:45.537	-0.90021986	4.2999864	8.868123	
2023-1-27	11:46:45.540	-0.8523358	4.10845	8.571242	
2023-1-27	11:46:45.542	-0.4213795	4.2521024	8.647857	
2023-1-27	11:46:45.601	-0.33518824	4.213795	9.069236	
2023-1-27	11:46:45.604	-0.59376204	4.1371803	9.165004	
2023-1-27	11:46:45.606	-0.7757214	4.213795	8.494628	
2023-1-27	11:46:45.667	-0.7374141	4.453215	8.350976	
2023-1-27	11:46:45.670	-0.7374141	4.3382936	8.791509	
2023-1-27	11:46:45.672	-0.6799533	4.309563	8.7532015	
2023-1-27	11:46:45.734	-0.7182605	4.2999864	8.7053175	
2023-1-27	11:46:45.737	-0.9959879	4.185065	8.820239	
2023-1-27	11:46:45.739	-1.1492168	3.821146	8.686164	
2023-1-27	11:46:45.741	-0.31603462	4.271256	8.810662	
2023-1-27	11:46:45.801	-0.5363012	4.185065	8.839393	
2023-1-27	11:46:45.804	-0.78529817	4.10845	8.523358	
2023-1-27	11:46:45.807	-1.0342951	3.8977604	8.542512	
2023-1-27	11:46:45.867	-0.79487497	4.050989	9.241618	
2023-1-27	11:46:45.870	-0.90021986	4.175488	9.557653	
2023-1-27	11:46:45.873	-0.93852705	4.060566	9.299079	
2023-1-27	11:46:45.928	-0.81402856	4.050989	8.90643	
2023-1-27	11:46:45.929	-1.2641385	3.9935284	9.021352	
2023-1-27	11:46:45.929	-0.8619126	3.821146	8.465898	
2023-1-27	11:46:45.929	-0.59376204	4.2521024	7.6710224	
2023-1-27	11:46:45.996	-0.37349546	4.0701427	8.42759	
2023-1-27	11:46:45.996	-1.2737153	4.060566	9.653421	
2023-1-27	11:46:45.997	-1.0247183	3.8307228	10.218452	
2023-1-27	11:46:46.65	-0.7757214	3.7732618	9.423578	
2023-1-27	11:46:46.66	-0.19153613	4.012682	8.896853	
2023-1-27	11:46:46.66	-0.37349546	4.0318356	8.37013	
2023-1-27	11:46:46.66	-0.89064306	4.003105	8.082825	
